{"cameraMode":{"drawMode":0,"name":"Shaded","section":"Shading Mode"},"sceneLighting":true,"audioPlay":false,"sceneViewState":{"showFog":true,"showMaterialUpdate":false,"showSkybox":false,"showFlares":true,"showImageEffects":true,"showParticleSystems":true,"showVisualEffectGraphs":true,"m_FxEnabled":true},"in2DMode":false,"pivot":{"x":-3.4278135299682619,"y":3.137564182281494,"z":12.516277313232422},"rotation":{"x":-0.05269841477274895,"y":0.39116838574409487,"z":-0.022443123161792756,"w":-0.9185404777526856},"size":10.560199737548829,"orthographic":false}